id,subreddit_id,author,selftext,title,over_18,created_utc,clicked
1lp5hec,t5_36en4,AutoModerator,"This thread is a place where you can share things that might not warrant their own thread. It is automatically posted each month and you can find previous threads in the collection.

Examples:

* What are you working on this month?
* What was something you accomplished?
* What was something you learned recently?
* What is something frustrating you currently?

As always, sub rules apply. Please be respectful and stay curious.

**Community Links:**

* [Monthly newsletter](https://dataengineeringcommunity.substack.com/)
* [Data Engineering Events](https://dataengineering.wiki/Community/Events)
* [Data Engineering Meetups](https://dataengineering.wiki/Community/Meetups)
* [Get involved in the community](https://dataengineering.wiki/Community/Get+Involved)",Monthly General Discussion - Jul 2025,False,2025-07-01 16:01:06,False
